model,n_features,threshold,valid_f1,accuracy,precision,recall,f1,auc_roc,avg_precision,pred_0,pred_1,train_seconds,predict_seconds
XGBoost,25,0.6449999999999999,0.2658959537572254,0.8422425032594524,0.1925925925925926,0.6842105263157895,0.30057803468208094,0.8585842177460112,0.20907193314778763,632,135,0.11094549999688752,0.014747600012924522
GradientBoosting,25,0.095,0.2891566265060241,0.847457627118644,0.1937984496124031,0.6578947368421053,0.2994011976047904,0.8596310735686954,0.2026335664253215,638,129,0.7067176999989897,0.0027212999993935227
LogisticRegression,25,0.6699999999999999,0.2774566473988439,0.8383311603650587,0.18382352941176472,0.6578947368421053,0.28735632183908044,0.8502996173561476,0.2344590441328203,631,136,0.1327741999994032,0.00182679999852553
ExtraTrees,25,0.575,0.2736842105263158,0.8070404172099087,0.1686746987951807,0.7368421052631579,0.27450980392156865,0.8501552234495704,0.1843283098982891,601,166,1.5514742999948794,0.07585249999829102
RandomForest,25,0.5449999999999999,0.25,0.7809647979139505,0.15425531914893617,0.7631578947368421,0.25663716814159293,0.8445960580463504,0.2157568793301323,579,188,0.9170167000120273,0.03707459999714047
HistGradientBoosting,25,0.625,0.26436781609195403,0.833116036505867,0.15384615384615385,0.5263157894736842,0.23809523809523808,0.8403905855172913,0.2052068398596656,637,130,0.1974847000092268,0.0065707000030670315
