model,n_features,threshold,valid_f1,accuracy,precision,recall,f1,auc_roc,avg_precision,pred_0,pred_1,train_seconds,predict_seconds
XGBoost,25,0.635,0.26436781609195403,0.8409387222946545,0.2,0.7368421052631579,0.3146067415730337,0.8662370947945996,0.2374714315878845,627,140,0.1150898999767378,0.0030499000567942858
GradientBoosting,25,0.105,0.2913907284768212,0.8604954367666232,0.2,0.6052631578947368,0.3006535947712418,0.8653165836401704,0.2013254327935882,652,115,0.3719870999921113,0.0026477999053895473
ExtraTrees,25,0.575,0.28421052631578947,0.8161668839634941,0.18012422360248448,0.7631578947368421,0.2914572864321608,0.8569056385820518,0.19110074234355517,606,161,0.755181199987419,0.03435570001602173
LogisticRegression,25,0.695,0.2787878787878788,0.847457627118644,0.1889763779527559,0.631578947368421,0.2909090909090909,0.8556421918995019,0.21955091222941386,640,127,0.04169500002171844,0.0015860999701544642
HistGradientBoosting,25,0.6399999999999999,0.27380952380952384,0.8500651890482399,0.18699186991869918,0.6052631578947368,0.2857142857142857,0.8506786513609126,0.21529736648156506,644,123,0.14767980005126446,0.006062499945983291
RandomForest,25,0.6499999999999999,0.272,0.8735332464146024,0.1958762886597938,0.5,0.2814814814814815,0.864522417153996,0.24427026631616208,670,97,1.0992284000385553,0.04065480001736432
